,survival,pclass,sex,age,sibsp,parch,fare,embarked,class,who,adult_male,embark_town,alive,alone,family
0,0,3,male,-0.8575111649413711,1,0,-1.05893823511296,S,Third,man,True,Southampton,no,False,1
1,1,1,female,0.6864051971488218,1,0,1.4318938820037672,C,First,woman,False,Cherbourg,yes,False,1
2,1,3,female,-0.38560465195745286,0,0,-0.9619264593562706,S,Third,woman,False,Southampton,yes,True,0
3,1,1,female,0.45409304356281976,1,0,1.1109743776269605,S,First,woman,False,Southampton,yes,False,1
4,0,3,male,0.45409304356281976,0,0,-0.9448718915295101,S,Third,man,True,Southampton,no,True,0
5,0,3,male,-0.009837837889073225,0,0,-0.8909545692601645,Q,Third,man,True,Queenstown,no,True,0
6,0,1,male,1.6790594730496204,0,0,1.0852767001556516,S,First,man,True,Southampton,no,True,0
8,1,3,female,-0.27899303205504183,0,2,-0.5914955173483273,S,Third,woman,False,Southampton,yes,False,2
9,1,2,female,-2.1343115741996135,1,0,0.4913098706867367,C,Second,child,False,Cherbourg,yes,False,1
11,1,1,female,1.880921945207971,0,0,0.35560708817197745,S,First,woman,False,Southampton,yes,True,0
12,0,3,male,-1.1267502840806507,0,0,-0.9448718915295101,S,Third,man,True,Southampton,no,True,0
13,0,3,male,0.7597826379718933,1,5,0.5340988855822495,S,Third,man,True,Southampton,no,False,6
14,0,3,female,-2.1343115741996135,0,0,-0.971705897410643,S,Third,child,False,Southampton,no,True,0
15,1,2,female,1.7308934528210618,0,0,-0.19629443489639747,S,Second,woman,False,Southampton,yes,True,0
17,1,2,male,-0.009837837889073225,0,0,-0.4225724730325312,S,Second,man,True,Southampton,yes,True,0
18,0,3,female,0.11126407917622454,1,0,-0.06793864714628411,S,Third,woman,False,Southampton,no,False,1
19,1,3,female,-0.009837837889073225,0,0,-1.0627025381392528,C,Third,woman,False,Cherbourg,yes,True,0
20,0,2,male,0.45409304356281976,0,0,0.33279481642245184,S,Second,man,True,Southampton,no,True,0
21,1,2,male,0.3722069437800388,0,0,-0.4225724730325312,S,Second,man,True,Southampton,yes,True,0
22,1,3,female,-1.9394154992559647,0,0,-0.9476913249849847,Q,Third,child,False,Queenstown,yes,True,0
23,1,1,male,-0.17625906909495204,0,0,0.6721869303225285,S,First,man,True,Southampton,yes,True,0
25,1,3,female,0.6864051971488218,1,5,0.5380118687542358,S,Third,woman,False,Southampton,yes,False,6
26,0,3,male,-0.009837837889073225,0,0,-1.0627025381392528,C,Third,man,True,Cherbourg,no,True,0
28,1,3,female,-0.009837837889073225,0,0,-0.968242674077764,Q,Third,woman,False,Queenstown,yes,True,0
29,0,3,male,-0.009837837889073225,0,0,-0.9659491590548142,S,Third,man,True,Southampton,no,True,0
30,0,1,male,0.8313022210240106,0,0,0.4026340137327415,C,First,man,True,Cherbourg,no,True,0
31,1,1,female,-0.009837837889073225,1,0,2.217075103976706,C,First,woman,False,Cherbourg,yes,False,1
32,1,3,female,-0.009837837889073225,0,0,-0.9862603332214835,Q,Third,woman,False,Queenstown,yes,True,0
33,0,2,male,2.2459286300926347,0,0,-0.6553179761010235,S,Second,man,True,Southampton,no,True,0
34,0,1,male,-0.17625906909495204,1,0,1.5867907718524545,C,First,man,True,Cherbourg,no,False,1
35,0,1,male,0.9691282208343964,1,0,1.0881621058774344,S,First,man,True,Southampton,no,False,1
36,1,3,male,-0.009837837889073225,0,0,-1.0620692257971638,C,Third,man,True,Cherbourg,yes,True,0
37,0,3,male,-0.9889242842702648,0,0,-0.9448718915295101,S,Third,man,True,Southampton,no,True,0
38,0,3,female,-1.4243803219843891,2,0,-0.06793864714628411,S,Third,woman,False,Southampton,no,False,2
39,1,3,female,-2.1343115741996135,1,0,-0.5809362850372227,C,Third,child,False,Cherbourg,yes,False,1
40,0,3,female,0.8313022210240106,1,0,-0.7672569722875087,S,Third,woman,False,Southampton,no,False,1
41,0,2,female,-0.27899303205504183,1,0,0.10004931335395954,S,Second,woman,False,Southampton,no,False,1
42,0,3,male,-0.009837837889073225,0,0,-0.9659491590548142,C,Third,man,True,Cherbourg,no,True,0
44,1,3,female,-1.2716473079558395,0,0,-0.968242674077764,Q,Third,woman,False,Queenstown,yes,True,0
45,0,3,male,-0.009837837889073225,0,0,-0.9448718915295101,S,Third,man,True,Southampton,no,True,0
46,0,3,male,-0.009837837889073225,1,0,-0.23089304376650097,Q,Third,man,True,Queenstown,no,False,1
48,0,3,male,-0.009837837889073225,2,0,0.13473743492905071,C,Third,man,True,Cherbourg,no,False,2
49,0,3,female,-1.4243803219843891,1,0,-0.08011491507866345,S,Third,woman,False,Southampton,no,False,1
51,0,3,male,-0.9889242842702648,0,0,-0.9792521763194391,S,Third,man,True,Southampton,no,True,0
52,1,1,female,1.4045842585485195,1,0,1.5121226400468473,C,First,woman,False,Cherbourg,yes,False,1
53,1,2,female,-0.07713055989668878,1,0,0.33279481642245184,S,Second,woman,False,Southampton,yes,False,1
54,0,1,male,2.2027999658049775,0,1,1.2794758753428266,C,First,man,True,Cherbourg,no,False,1
55,1,1,male,-0.009837837889073225,0,0,0.6721869303225285,S,First,man,True,Southampton,yes,True,0
56,1,2,female,-0.9889242842702648,0,0,-0.6553179761010235,S,Second,woman,False,Southampton,yes,True,0
57,0,3,male,-0.12626001802649223,0,0,-1.0620692257971638,C,Third,man,True,Cherbourg,no,True,0
59,0,3,male,-2.8155636700460325,5,2,0.9756700138852652,S,Third,child,False,Southampton,no,False,7
60,0,3,male,-0.8575111649413711,0,0,-1.0620692257971638,C,Third,man,True,Cherbourg,no,True,0
61,1,1,female,0.6864051971488218,0,0,1.5576140964480412,29.69911764705882,First,woman,False,29.69911764705882,yes,True,0
62,0,1,male,1.1640242957780427,1,0,1.603951489679259,S,First,man,True,Southampton,no,False,1
64,0,1,male,-0.009837837889073225,0,0,0.4026340137327415,C,First,man,True,Cherbourg,no,True,0
65,1,3,male,-0.009837837889073225,1,1,-0.24891335772073808,C,Third,man,True,Cherbourg,yes,False,2
66,1,2,female,-0.07713055989668878,0,0,-0.6553179761010235,S,Second,woman,False,Southampton,yes,True,0
67,0,3,male,-1.2716473079558395,0,0,-0.9303085792477002,S,Third,man,True,Southampton,no,True,0
68,1,3,female,-1.5858455613246225,4,2,-0.9619264593562706,S,Third,woman,False,Southampton,yes,False,6
69,0,3,male,-0.38560465195745286,2,0,-0.8649580629279608,S,Third,man,True,Southampton,no,False,2
70,0,2,male,0.20095010836623992,0,0,-0.6553179761010235,S,Second,man,True,Southampton,no,True,0
71,0,3,female,-1.7571023967384214,5,2,0.9756700138852652,S,Third,woman,False,Southampton,no,False,7
72,0,2,male,-0.9889242842702648,0,0,1.465266101911733,S,Second,man,True,Southampton,no,True,0
73,0,3,male,-0.38560465195745286,1,0,-0.30701854650736077,C,Third,man,True,Cherbourg,no,False,1
74,1,3,male,0.20095010836623992,0,0,1.1785282022019663,S,Third,man,True,Southampton,yes,True,0
75,0,3,male,-0.49639817142288,0,0,-1.0004133197124396,S,Third,man,True,Southampton,no,True,0
79,1,3,female,0.018637005848696625,0,0,-0.46749553120721593,S,Third,woman,False,Southampton,yes,True,0
80,0,3,male,-0.8575111649413711,0,0,-0.8233059366012662,S,Third,man,True,Southampton,no,True,0
81,1,3,male,-0.07713055989668878,0,0,-0.7643853905401847,S,Third,man,True,Southampton,yes,True,0
82,1,3,female,-0.009837837889073225,0,0,-0.9809999948858377,Q,Third,woman,False,Queenstown,yes,True,0
83,0,1,male,-0.17625906909495204,0,0,0.9803073172341259,S,First,man,True,Southampton,no,True,0
84,1,2,female,-1.5858455613246225,0,0,-0.6553179761010235,S,Second,woman,False,Southampton,yes,True,0
85,1,3,female,0.2878761249879749,3,0,-0.20655916990128861,S,Third,woman,False,Southampton,yes,False,3
86,0,3,male,-1.7571023967384214,1,3,0.6370930864325202,S,Third,man,True,Southampton,no,False,4
89,0,3,male,-0.6117151068090739,0,0,-0.9448718915295101,S,Third,man,True,Southampton,no,True,0
90,0,3,male,-0.07713055989668878,0,0,-0.9448718915295101,S,Third,man,True,Southampton,no,True,0
91,0,3,male,-1.1267502840806507,0,0,-0.971705897410643,S,Third,man,True,Southampton,no,True,0
92,0,1,male,1.2261119080011706,1,0,1.2652432924082981,S,First,man,True,Southampton,no,False,1
93,0,3,male,-0.38560465195745286,1,2,0.07776832203505167,S,Third,man,True,Southampton,no,False,3
94,0,3,male,1.9292115422824112,0,0,-1.05893823511296,S,Third,man,True,Southampton,no,True,0
97,1,1,male,-0.7319405971034905,0,1,1.303458403696465,C,First,man,True,Cherbourg,yes,False,1
98,1,2,female,0.3722069437800388,0,1,0.1991871407121371,S,Second,woman,False,Southampton,yes,False,1
99,0,2,male,0.3722069437800388,1,0,0.33279481642245184,S,Second,man,True,Southampton,no,False,1
100,0,3,female,-0.17625906909495204,0,0,-0.9659491590548142,S,Third,woman,False,Southampton,no,True,0
102,0,1,male,-0.9889242842702648,0,1,1.5200233191919157,S,First,man,True,Southampton,no,False,1
103,0,3,male,0.2878761249879749,0,0,-0.8660027246967489,S,Third,man,True,Southampton,no,True,0
104,0,3,male,0.6110707956386078,2,0,-0.9619264593562706,S,Third,man,True,Southampton,no,False,2
105,0,3,male,-0.17625906909495204,0,0,-0.9659491590548142,S,Third,man,True,Southampton,no,True,0
106,1,3,female,-0.9889242842702648,0,0,-1.0004133197124396,S,Third,woman,False,Southampton,yes,True,0
107,1,3,male,-0.009837837889073225,0,0,-0.9827506211941123,S,Third,man,True,Southampton,yes,True,0
108,0,3,male,0.6864051971488218,0,0,-0.9659491590548142,S,Third,man,True,Southampton,no,True,0
109,1,3,female,-0.009837837889073225,1,0,0.2523569365280206,Q,Third,woman,False,Queenstown,yes,False,1
110,0,1,male,1.2868641986967546,0,0,1.0881621058774344,S,First,man,True,Southampton,no,True,0
111,0,3,female,-2.03518306500135,1,0,-0.30701854650736077,C,Third,child,False,Cherbourg,no,False,1
112,0,3,male,-0.8575111649413711,0,0,-0.9448718915295101,S,Third,man,True,Southampton,no,True,0
113,0,3,female,-1.1267502840806507,1,0,-0.7277274961065119,S,Third,woman,False,Southampton,no,False,1
114,0,3,female,-1.5858455613246225,0,0,-0.3067094736105588,C,Third,woman,False,Cherbourg,no,True,0
115,0,3,male,-0.9889242842702648,0,0,-0.9619264593562706,S,Third,man,True,Southampton,no,True,0
117,0,2,male,-0.07713055989668878,1,0,0.10004931335395954,S,Second,man,True,Southampton,no,False,1
120,0,2,male,-0.9889242842702648,2,0,1.465266101911733,S,Second,man,True,Southampton,no,False,2
122,0,2,male,0.24474746070031775,1,0,0.4913098706867367,C,Second,man,True,Cherbourg,no,False,1
123,1,2,female,0.24474746070031775,0,0,-0.4225724730325312,S,Second,woman,False,Southampton,yes,True,0
124,0,1,male,1.6790594730496204,0,1,1.5200233191919157,S,First,man,True,Southampton,no,False,1
125,1,3,male,-2.5697676119137354,1,0,-0.5809362850372227,C,Third,child,False,Cherbourg,yes,False,1
126,0,3,male,-0.009837837889073225,0,0,-0.9862603332214835,Q,Third,man,True,Queenstown,no,True,0
127,1,3,male,-0.6117151068090739,0,0,-1.0753398747587533,S,Third,man,True,Southampton,yes,True,0
128,1,3,female,-0.009837837889073225,1,1,0.16835050744858493,C,Third,woman,False,Cherbourg,yes,False,2
129,0,3,male,1.1640242957780427,0,0,-1.1010784979058432,S,Third,man,True,Southampton,no,True,0
130,0,3,male,0.2878761249879749,0,0,-0.9659491590548142,C,Third,man,True,Cherbourg,no,True,0
131,0,3,male,-1.1267502840806507,0,0,-1.0894231499845994,S,Third,man,True,Southampton,no,True,0
132,0,3,female,1.2868641986967546,1,0,-0.30357094565797726,S,Third,woman,False,Southampton,no,False,1
134,0,2,male,-0.49639817142288,0,0,-0.4225724730325312,S,Second,man,True,Southampton,no,True,0
135,0,2,male,-0.7319405971034905,0,0,-0.2633038881422038,C,Second,man,True,Cherbourg,no,True,0
136,1,1,female,-1.2716473079558395,0,2,0.3446048339540432,S,First,woman,False,Southampton,yes,False,2
137,0,1,male,0.6110707956386078,1,0,1.1109743776269605,S,First,man,True,Southampton,no,False,1
138,0,3,male,-1.7571023967384214,0,0,-0.7973777346709795,S,Third,man,True,Southampton,no,True,0
139,0,1,male,-0.6117151068090739,0,0,1.546661595789179,C,First,man,True,Cherbourg,no,True,0
140,0,3,female,-0.009837837889073225,0,2,-0.24891335772073808,C,Third,woman,False,Cherbourg,no,False,2
141,1,3,female,-0.8575111649413711,0,0,-0.9862603332214835,S,Third,woman,False,Southampton,yes,True,0
142,1,3,female,-0.6117151068090739,1,0,-0.20655916990128861,S,Third,woman,False,Southampton,yes,False,1
143,0,3,male,-1.2716473079558395,0,0,-1.136811687453701,Q,Third,man,True,Queenstown,no,True,0
144,0,2,male,-1.4243803219843891,0,0,-0.5561801487428454,S,Second,man,True,Southampton,no,True,0
145,0,2,male,-1.2716473079558395,1,1,0.7098988124567505,S,Second,man,True,Southampton,no,False,2
146,1,3,male,-0.27899303205504183,0,0,-0.9798391307057922,S,Third,man,True,Southampton,yes,True,0
148,0,2,male,0.5726365614116458,0,2,0.33279481642245184,S,Second,man,True,Southampton,no,False,2
149,0,2,male,0.9691282208343964,0,0,-0.4225724730325312,S,Second,man,True,Southampton,no,True,0
150,0,2,male,1.517594233709386,0,0,-0.46313646682493875,S,Second,man,True,Southampton,no,True,0
151,1,1,female,-0.8575111649413711,1,0,1.3578362003915712,S,First,woman,False,Southampton,yes,False,1
152,0,3,male,1.7564580855679537,0,0,-0.9448718915295101,S,Third,man,True,Southampton,no,True,0
153,0,3,male,0.8663942578743044,0,2,-0.30357094565797726,S,Third,man,True,Southampton,no,False,2
154,0,3,male,-0.009837837889073225,0,0,-1.0495839747374003,S,Third,man,True,Southampton,no,True,0
155,0,1,male,1.517594233709386,0,1,1.2688748308776372,C,First,man,True,Cherbourg,no,False,1
156,1,3,female,-1.7571023967384214,0,0,-0.9886111339665123,Q,Third,woman,False,Queenstown,yes,True,0
157,0,3,male,0.018637005848696625,0,0,-0.9448718915295101,S,Third,man,True,Southampton,no,True,0
158,0,3,male,-0.009837837889073225,0,0,-0.8649580629279608,S,Third,man,True,Southampton,no,True,0
159,0,3,male,-0.009837837889073225,8,2,1.4050680611811501,S,Third,man,True,Southampton,no,False,10
160,0,3,male,1.1005413401632875,0,1,-0.1895046020745276,S,Third,man,True,Southampton,no,False,1
161,1,2,female,0.8313022210240106,0,0,-0.21345643749847484,S,Second,woman,False,Southampton,yes,True,0
162,0,3,male,-0.38560465195745286,0,0,-0.9827506211941123,S,Third,man,True,Southampton,no,True,0
163,0,3,male,-1.5858455613246225,0,0,-0.8649580629279608,S,Third,man,True,Southampton,no,True,0
166,1,1,female,-0.009837837889073225,0,1,1.1492864234530296,S,First,woman,False,Southampton,yes,False,1
167,0,3,female,1.1640242957780427,1,4,0.4096560810041224,S,Third,woman,False,Southampton,no,False,5
168,0,1,male,-0.009837837889073225,0,0,0.3296467218618546,S,First,man,True,Southampton,no,True,0
169,0,3,male,-0.17625906909495204,0,0,1.1785282022019663,S,Third,man,True,Southampton,no,True,0
170,0,1,male,2.0233826837756923,0,0,0.6089944672169474,S,First,man,True,Southampton,no,True,0
174,0,1,male,1.7817934360097103,0,0,0.5137276765299204,C,First,man,True,Cherbourg,no,True,0
175,0,3,male,-1.4243803219843891,1,1,-0.971705897410643,S,Third,man,True,Southampton,no,False,2
176,0,3,male,-0.009837837889073225,3,1,0.31020963860067274,S,Third,man,True,Southampton,no,False,4
177,0,1,female,1.461654333681781,0,0,0.4409387331763018,C,First,woman,False,Cherbourg,no,True,0
178,0,2,male,0.018637005848696625,0,0,-0.4225724730325312,S,Second,man,True,Southampton,no,True,0
180,0,3,female,-0.009837837889073225,8,2,1.4050680611811501,S,Third,woman,False,Southampton,no,False,10
181,0,2,male,-0.009837837889073225,0,0,-0.2629997253335452,C,Second,man,True,Cherbourg,no,True,0
185,0,1,male,-0.009837837889073225,0,0,1.0454207594275322,S,First,man,True,Southampton,no,True,0
186,1,3,female,-0.009837837889073225,1,0,-0.23089304376650097,Q,Third,woman,False,Queenstown,yes,False,1
187,1,1,male,1.1640242957780427,0,0,0.35560708817197745,S,First,man,True,Southampton,yes,True,0
188,0,3,male,0.8313022210240106,1,1,-0.23089304376650097,Q,Third,man,True,Queenstown,no,False,2
189,0,3,male,0.5336721831202722,0,0,-0.9659491590548142,S,Third,man,True,Southampton,no,True,0
190,1,2,female,0.20095010836623992,0,0,-0.4225724730325312,S,Second,woman,False,Southampton,yes,True,0
191,0,2,male,-1.2716473079558395,0,0,-0.4225724730325312,S,Second,man,True,Southampton,no,True,0
192,1,3,female,-1.2716473079558395,1,0,-0.971705897410643,S,Third,woman,False,Southampton,yes,False,1
194,1,1,female,1.1005413401632875,0,0,0.4026340137327415,C,First,woman,False,Cherbourg,yes,True,0
195,1,1,female,1.880921945207971,0,0,2.217075103976706,C,First,woman,False,Cherbourg,yes,True,0
197,0,3,male,0.9691282208343964,0,1,-0.8979471823894136,S,Third,man,True,Southampton,no,False,1
199,0,2,female,-0.6117151068090739,0,0,-0.4225724730325312,S,Second,woman,False,Southampton,no,True,0
200,0,3,male,-0.17625906909495204,0,0,-0.7643853905401847,S,Third,man,True,Southampton,no,True,0
202,0,3,male,0.3722069437800388,0,0,-1.178644145697173,S,Third,man,True,Southampton,no,True,0
203,0,3,male,1.1952386756860174,0,0,-1.0627025381392528,C,Third,man,True,Cherbourg,no,True,0
204,1,3,male,-1.4243803219843891,0,0,-0.9448718915295101,S,Third,man,True,Southampton,yes,True,0
206,0,3,male,0.20095010836623992,1,0,-0.20655916990128861,S,Third,man,True,Southampton,no,False,1
207,1,3,male,-0.38560465195745286,0,0,-0.02127492822239056,C,Third,man,True,Cherbourg,yes,True,0
208,1,3,female,-1.7571023967384214,0,0,-0.9862603332214835,Q,Third,woman,False,Queenstown,yes,True,0
209,1,1,male,0.8313022210240106,0,0,0.5244742456884821,C,First,man,True,Cherbourg,yes,True,0
210,0,3,male,-0.6117151068090739,0,0,-1.0894231499845994,S,Third,man,True,Southampton,no,True,0
211,1,2,female,0.45409304356281976,0,0,0.10004931335395954,S,Second,woman,False,Southampton,yes,True,0
212,0,3,male,-0.8575111649413711,0,0,-1.05893823511296,S,Third,man,True,Southampton,no,True,0
214,0,3,male,-0.009837837889073225,1,0,-0.9862603332214835,Q,Third,man,True,Queenstown,no,False,1
215,1,1,female,0.11126407917622454,1,0,1.9366253639509328,C,First,woman,False,Cherbourg,yes,False,1
216,1,3,female,-0.27899303205504183,0,0,-0.9619264593562706,S,Third,woman,False,Southampton,yes,True,0
217,0,2,male,0.9691282208343964,1,0,0.37392289145626456,S,Second,man,True,Southampton,no,False,1
218,1,1,female,0.20095010836623992,0,0,1.5058911601610923,C,First,woman,False,Cherbourg,yes,True,0
219,0,2,male,0.018637005848696625,0,0,-0.6553179761010235,S,Second,man,True,Southampton,no,True,0
220,1,3,male,-1.7571023967384214,0,0,-0.9448718915295101,S,Third,man,True,Southampton,yes,True,0
221,0,2,male,-0.27899303205504183,0,0,-0.4225724730325312,S,Second,man,True,Southampton,no,True,0
222,0,3,male,1.517594233709386,0,0,-0.9448718915295101,S,Third,man,True,Southampton,no,True,0
224,1,1,male,0.6864051971488218,1,0,1.6859698841981554,S,First,man,True,Southampton,yes,False,1
225,0,3,male,-0.8575111649413711,0,0,-0.7817294910025825,S,Third,man,True,Southampton,no,True,0
226,1,2,male,-1.2716473079558395,0,0,-0.6553179761010235,S,Second,man,True,Southampton,yes,True,0
227,0,3,male,-1.0569967983907889,0,0,-1.05893823511296,S,Third,man,True,Southampton,no,True,0
228,0,2,male,-1.4243803219843891,0,0,-0.4225724730325312,S,Second,man,True,Southampton,no,True,0
229,0,3,female,-0.009837837889073225,3,1,0.31020963860067274,S,Third,woman,False,Southampton,no,False,4
230,1,1,female,0.45409304356281976,1,0,1.603951489679259,S,First,woman,False,Southampton,yes,False,1
231,0,3,male,-0.07713055989668878,0,0,-0.9827506211941123,S,Third,man,True,Southampton,no,True,0
232,0,2,male,1.9292115422824112,0,0,-0.3814443979987185,S,Second,man,True,Southampton,no,True,0
234,0,2,male,-0.6117151068090739,0,0,-0.6553179761010235,S,Second,man,True,Southampton,no,True,0
235,0,3,female,-0.009837837889073225,0,0,-1.0147525350486466,S,Third,woman,False,Southampton,no,True,0
236,0,2,male,1.1005413401632875,1,0,0.33279481642245184,S,Second,man,True,Southampton,no,False,1
238,0,2,male,-1.2716473079558395,0,0,-0.6553179761010235,S,Second,man,True,Southampton,no,True,0
239,0,2,male,0.2878761249879749,0,0,-0.48510827244072147,S,Second,man,True,Southampton,no,True,0
240,0,3,female,-0.009837837889073225,1,0,-0.30701854650736077,C,Third,woman,False,Cherbourg,no,False,1
242,0,2,male,-0.07713055989668878,0,0,-0.6553179761010235,S,Second,man,True,Southampton,no,True,0
243,0,3,male,-0.8575111649413711,0,0,-1.0778911413926195,S,Third,man,True,Southampton,no,True,0
244,0,3,male,0.018637005848696625,0,0,-1.0627025381392528,C,Third,man,True,Cherbourg,no,True,0
245,0,1,male,1.1005413401632875,2,0,1.6859698841981554,Q,First,man,True,Queenstown,no,False,2
246,0,3,female,-0.49639817142288,0,0,-0.9827506211941123,S,Third,woman,False,Southampton,no,True,0
247,1,2,female,-0.6117151068090739,0,2,-0.30357094565797726,S,Second,woman,False,Southampton,yes,False,2
248,1,1,male,0.6110707956386078,1,1,1.0997150271610856,S,First,man,True,Southampton,yes,False,2
249,0,2,male,1.6790594730496204,1,0,0.33279481642245184,S,Second,man,True,Southampton,no,False,1
250,0,3,male,-0.009837837889073225,0,0,-1.05893823511296,S,Third,man,True,Southampton,no,True,0
251,0,3,female,-0.07713055989668878,1,1,-0.659216959303295,S,Third,woman,False,Southampton,no,False,2
252,0,1,male,2.069316584280887,0,0,0.35560708817197745,S,First,man,True,Southampton,no,True,0
253,0,3,male,0.018637005848696625,1,0,-0.1895046020745276,S,Third,man,True,Southampton,no,False,1
254,0,3,female,0.9010557067138735,0,2,0.05839718702726486,S,Third,woman,False,Southampton,no,False,2
255,1,3,female,-0.07713055989668878,0,2,-0.24891335772073808,C,Third,woman,False,Cherbourg,yes,False,2
256,1,1,female,-0.009837837889073225,0,0,1.546661595789179,C,First,woman,False,Cherbourg,yes,True,0
257,1,1,female,0.018637005848696625,0,0,1.642744090244144,S,First,woman,False,Southampton,yes,True,0
259,1,2,female,1.461654333681781,0,1,0.33279481642245184,S,Second,woman,False,Southampton,yes,False,1
262,0,1,male,1.5724478531472084,1,1,1.5528359162295087,S,First,man,True,Southampton,no,False,2
264,0,3,female,-0.009837837889073225,0,0,-0.9862603332214835,Q,Third,woman,False,Queenstown,no,True,0
265,0,2,male,0.5336721831202722,0,0,-0.6553179761010235,S,Second,man,True,Southampton,no,True,0
266,0,3,male,-1.7571023967384214,4,1,0.7936995895108158,S,Third,man,True,Southampton,no,False,5
267,1,3,male,-0.49639817142288,1,0,-0.9827506211941123,S,Third,man,True,Southampton,yes,False,1
268,1,1,female,1.880921945207971,0,1,2.2675190447236,S,First,woman,False,Southampton,yes,False,1
269,1,1,female,0.45409304356281976,0,0,2.132931676227453,S,First,woman,False,Southampton,yes,True,0
270,0,1,male,-0.009837837889073225,0,0,0.5244742456884821,S,First,man,True,Southampton,no,True,0
272,1,2,female,0.9010557067138735,0,1,0.019289065570016965,S,Second,woman,False,Southampton,yes,False,1
273,0,1,male,0.6110707956386078,0,1,0.4777885554817616,C,First,man,True,Cherbourg,no,False,1
275,1,1,female,2.1145155107637437,1,0,1.5294408837461568,S,First,woman,False,Southampton,yes,False,1
276,0,3,female,1.1640242957780427,0,0,-0.9862603332214835,S,Third,woman,False,Southampton,no,True,0
279,1,3,female,0.45409304356281976,1,1,0.060417140603830195,S,Third,woman,False,Southampton,yes,False,2
280,0,3,male,2.2027999658049775,0,0,-0.9862603332214835,Q,Third,man,True,Queenstown,no,True,0
281,0,3,male,-0.17625906909495204,0,0,-0.971705897410643,S,Third,man,True,Southampton,no,True,0
282,0,3,male,-1.7571023967384214,0,0,-0.7643853905401847,S,Third,man,True,Southampton,no,True,0
283,1,3,male,-1.2716473079558395,0,0,-0.9448718915295101,S,Third,man,True,Southampton,yes,True,0
284,0,1,male,-0.009837837889073225,0,0,0.33279481642245184,S,First,man,True,Southampton,no,True,0
285,0,3,male,0.2878761249879749,0,0,-0.8649580629279608,C,Third,man,True,Cherbourg,no,True,0
286,1,3,male,0.018637005848696625,0,0,-0.7643853905401847,S,Third,man,True,Southampton,yes,True,0
287,0,3,male,-0.8575111649413711,0,0,-0.9659491590548142,S,Third,man,True,Southampton,no,True,0
288,1,2,male,0.9691282208343964,0,0,-0.4225724730325312,S,Second,man,True,Southampton,yes,True,0
289,1,3,female,-0.8575111649413711,0,0,-0.9862603332214835,Q,Third,woman,False,Queenstown,yes,True,0
290,1,1,female,-0.38560465195745286,0,0,1.5418350440855546,S,First,woman,False,Southampton,yes,True,0
291,1,1,female,-1.2716473079558395,1,0,1.6989596469875836,C,First,woman,False,Cherbourg,yes,False,1
292,0,2,male,0.5336721831202722,0,0,-0.4331016819235759,C,Second,man,True,Cherbourg,no,True,0
293,0,3,female,-0.6117151068090739,0,0,-0.8416217398855538,S,Third,woman,False,Southampton,no,True,0
294,0,3,male,-0.6117151068090739,0,0,-0.9659491590548142,S,Third,man,True,Southampton,no,True,0
296,0,3,male,-0.6711883064079053,0,0,-1.0620692257971638,C,Third,man,True,Cherbourg,no,True,0
298,1,1,male,-0.009837837889073225,0,0,0.5067541049730276,S,First,man,True,Southampton,yes,True,0
301,1,3,male,-0.009837837889073225,2,0,0.2109684948360477,Q,Third,man,True,Queenstown,yes,False,2
303,1,2,female,-0.009837837889073225,0,0,-0.47847009165580945,Q,Second,woman,False,Queenstown,yes,True,0
306,1,1,female,-0.009837837889073225,0,0,1.9133695754463693,C,First,woman,False,Cherbourg,yes,True,0
307,1,1,female,-1.5858455613246225,1,0,1.8937012122491494,C,First,woman,False,Cherbourg,yes,False,1
308,0,2,male,0.018637005848696625,1,0,0.2455671037061512,C,Second,man,True,Cherbourg,no,False,1
309,1,1,female,0.018637005848696625,0,0,1.1868562832191136,C,First,woman,False,Cherbourg,yes,True,0
310,1,1,female,-0.6117151068090739,0,0,1.5998091138413721,C,First,woman,False,Cherbourg,yes,True,0
312,0,2,female,-0.38560465195745286,1,1,0.33279481642245184,S,Second,woman,False,Southampton,no,False,2
314,0,2,male,1.0355988791485065,1,1,0.3432232657884326,S,Second,man,True,Southampton,no,False,2
315,1,3,female,-0.38560465195745286,0,0,-0.971705897410643,S,Third,woman,False,Southampton,yes,True,0
316,1,2,female,-0.6117151068090739,1,0,0.33279481642245184,S,Second,woman,False,Southampton,yes,False,1
317,0,2,male,1.6790594730496204,0,0,-0.3418122252485891,S,Second,man,True,Southampton,no,True,0
318,1,1,female,0.11126407917622454,0,2,2.3456344979530854,S,First,woman,False,Southampton,yes,False,2
319,1,1,female,0.8313022210240106,1,1,2.1237877645709973,C,First,woman,False,Cherbourg,yes,False,2
321,0,3,male,-0.27899303205504183,0,0,-0.9659491590548142,S,Third,man,True,Southampton,no,True,0
322,1,2,female,0.018637005848696625,0,0,-0.47847009165580945,Q,Second,woman,False,Queenstown,yes,True,0
323,1,2,female,-0.8575111649413711,1,1,0.4517963437970058,S,Second,woman,False,Southampton,yes,False,2
325,1,1,female,0.5336721831202722,0,0,2.132931676227453,C,First,woman,False,Cherbourg,yes,True,0
326,0,3,male,2.0233826837756923,0,0,-1.2228628206621992,S,Third,man,True,Southampton,no,True,0
327,1,2,female,0.5336721831202722,0,0,-0.4225724730325312,S,Second,woman,False,Southampton,yes,True,0
328,1,3,female,0.11126407917622454,1,1,0.07511682524634744,S,Third,woman,False,Southampton,yes,False,2
329,1,1,female,-1.7571023967384214,0,1,1.2067727510108968,C,First,woman,False,Cherbourg,yes,False,1
330,1,3,female,-0.009837837889073225,2,0,0.2109684948360477,Q,Third,woman,False,Queenstown,yes,False,2
331,0,1,male,1.1952386756860174,0,0,0.43284343751734605,S,First,man,True,Southampton,no,True,0
332,0,1,male,0.6864051971488218,0,1,2.2675190447236,S,First,man,True,Southampton,no,False,1
333,0,3,male,-1.7571023967384214,2,0,-0.06793864714628411,S,Third,man,True,Southampton,no,False,2
334,1,1,female,-0.009837837889073225,1,0,2.1168789221418405,S,First,woman,False,Southampton,yes,False,1
336,0,1,male,-0.07713055989668878,1,0,1.3578362003915712,S,First,man,True,Southampton,no,False,1
337,1,1,female,0.9010557067138735,0,0,2.1237877645709973,C,First,woman,False,Cherbourg,yes,True,0
338,1,3,male,1.1640242957780427,0,0,-0.9448718915295101,S,Third,man,True,Southampton,yes,True,0
339,0,1,male,1.1640242957780427,0,0,0.6721869303225285,S,First,man,True,Southampton,no,True,0
342,0,2,male,-0.17625906909495204,0,0,-0.4225724730325312,S,Second,man,True,Southampton,no,True,0
344,0,2,male,0.5336721831202722,0,0,-0.4225724730325312,S,Second,man,True,Southampton,no,True,0
345,1,2,female,-0.6117151068090739,0,0,-0.4225724730325312,S,Second,woman,False,Southampton,yes,True,0
346,1,2,female,0.8313022210240106,0,0,-0.4225724730325312,S,Second,woman,False,Southampton,yes,True,0
347,1,3,female,-0.009837837889073225,1,0,-0.1895046020745276,S,Third,woman,False,Southampton,yes,False,1
349,0,3,male,0.9691282208343964,0,0,-0.8649580629279608,S,Third,man,True,Southampton,no,True,0
350,0,3,male,-0.7319405971034905,0,0,-0.7963968004681826,S,Third,man,True,Southampton,no,True,0
351,0,1,male,-0.009837837889073225,0,0,0.6567290166408669,S,First,man,True,Southampton,no,True,0
352,0,3,male,-1.9394154992559647,1,1,-1.0620692257971638,C,Third,child,False,Cherbourg,no,False,2
353,0,3,male,-0.49639817142288,1,0,-0.08011491507866345,S,Third,man,True,Southampton,no,False,1
356,1,1,female,-0.8575111649413711,0,1,1.1492864234530296,S,First,woman,False,Southampton,yes,False,1
357,0,2,female,0.6864051971488218,0,0,-0.4225724730325312,S,Second,woman,False,Southampton,no,True,0
360,0,3,male,0.8313022210240106,1,4,0.4096560810041224,S,Third,man,True,Southampton,no,False,5
361,0,2,male,-0.07713055989668878,1,0,0.4026340137327415,C,Second,man,True,Cherbourg,no,False,1
362,0,3,female,1.1640242957780427,0,1,-0.30701854650736077,C,Third,woman,False,Cherbourg,no,False,1
363,0,3,male,0.45409304356281976,0,0,-1.0894231499845994,S,Third,man,True,Southampton,no,True,0
365,0,3,male,0.018637005848696625,0,0,-1.05893823511296,S,Third,man,True,Southampton,no,True,0
366,1,1,female,1.9766895109533567,1,0,1.490908806010894,C,First,woman,False,Cherbourg,yes,False,1
367,1,3,female,-0.009837837889073225,0,0,-1.0620692257971638,C,Third,woman,False,Cherbourg,yes,True,0
369,1,1,female,-0.6117151068090739,0,0,1.401143805436987,C,First,woman,False,Cherbourg,yes,True,0
370,1,1,male,-0.49639817142288,1,0,1.158003268794163,C,First,man,True,Cherbourg,yes,False,1
371,0,3,male,-1.4243803219843891,1,0,-1.178644145697173,S,Third,man,True,Southampton,no,False,1
372,0,3,male,-1.2716473079558395,0,0,-0.9448718915295101,S,Third,man,True,Southampton,no,True,0
373,0,1,male,-0.8575111649413711,0,0,2.132931676227453,C,First,man,True,Cherbourg,no,True,0
375,1,1,female,-0.009837837889073225,1,0,1.5867907718524545,C,First,woman,False,Cherbourg,yes,False,1
376,1,3,female,-0.8575111649413711,0,0,-1.05893823511296,S,Third,woman,False,Southampton,yes,True,0
377,0,1,male,-0.27899303205504183,0,2,2.617081498872353,C,First,man,True,Cherbourg,no,False,2
378,0,3,male,-1.1267502840806507,0,0,-1.7036288093550818,C,Third,man,True,Cherbourg,no,True,0
379,0,3,male,-1.2716473079558395,0,0,-0.9827506211941123,S,Third,man,True,Southampton,no,True,0
380,1,1,female,0.9691282208343964,0,0,2.6966725946465777,C,First,woman,False,Cherbourg,yes,True,0
382,0,3,male,0.20095010836623992,0,0,-0.9619264593562706,S,Third,man,True,Southampton,no,True,0
383,1,1,female,0.45409304356281976,1,0,1.0881621058774344,S,First,woman,False,Southampton,yes,False,1
385,0,2,male,-1.4243803219843891,0,0,1.465266101911733,S,Second,man,True,Southampton,no,True,0
388,0,3,male,-0.009837837889073225,0,0,-0.9891890528204046,Q,Third,man,True,Queenstown,no,True,0
389,1,2,female,-1.5858455613246225,0,0,-0.5098001857488318,C,Second,woman,False,Cherbourg,yes,True,0
390,1,1,male,0.5336721831202722,1,2,1.9994756350505893,S,First,man,True,Southampton,yes,False,3
391,1,3,male,-0.9889242842702648,0,0,-0.9798391307057922,S,Third,man,True,Southampton,yes,True,0
392,0,3,male,-0.17625906909495204,2,0,-0.9619264593562706,S,Third,man,True,Southampton,no,False,2
393,1,1,female,-0.7319405971034905,1,0,1.9366253639509328,C,First,woman,False,Cherbourg,yes,False,1
394,1,3,female,-0.6117151068090739,0,2,-0.1496307159725039,S,Third,woman,False,Southampton,yes,False,2
395,0,3,male,-0.8575111649413711,0,0,-0.9798391307057922,S,Third,man,True,Southampton,no,True,0
396,0,3,female,0.11126407917622454,0,0,-0.971705897410643,S,Third,woman,False,Southampton,no,True,0
397,0,2,male,1.2261119080011706,0,0,0.33279481642245184,S,Second,man,True,Southampton,no,True,0
398,0,2,male,-0.7319405971034905,0,0,-0.6553179761010235,S,Second,man,True,Southampton,no,True,0
399,1,2,female,-0.17625906909495204,0,0,-0.4523144847173479,S,Second,woman,False,Southampton,yes,True,0
400,1,3,male,0.7597826379718933,0,0,-0.9619264593562706,S,Third,man,True,Southampton,yes,True,0
401,0,3,male,-0.38560465195745286,0,0,-0.9448718915295101,S,Third,man,True,Southampton,no,True,0
402,0,3,female,-0.9889242842702648,1,0,-0.7277274961065119,S,Third,woman,False,Southampton,no,False,1
403,0,3,male,-0.17625906909495204,1,0,-0.20655916990128861,S,Third,man,True,Southampton,no,False,1
404,0,3,female,-1.1267502840806507,0,0,-0.8649580629279608,S,Third,woman,False,Southampton,no,True,0
405,0,2,male,0.3722069437800388,1,0,0.10004931335395954,S,Second,man,True,Southampton,no,False,1
406,0,3,male,1.517594233709386,0,0,-0.9862603332214835,S,Third,man,True,Southampton,no,True,0
408,0,3,male,-0.9889242842702648,0,0,-0.9827506211941123,S,Third,man,True,Southampton,no,True,0
411,0,3,male,-0.009837837889073225,0,0,-1.1194658025828235,Q,Third,man,True,Queenstown,no,True,0
412,1,1,female,0.2878761249879749,1,0,1.6859698841981554,Q,First,woman,False,Queenstown,yes,False,1
414,1,3,male,1.1005413401632875,0,0,-0.9619264593562706,S,Third,man,True,Southampton,yes,True,0
415,0,3,female,-0.009837837889073225,0,0,-0.9448718915295101,S,Third,woman,False,Southampton,no,True,0
416,1,2,female,0.3722069437800388,1,1,0.5759687688569248,S,Second,woman,False,Southampton,yes,False,2
417,1,2,female,-1.4243803219843891,0,2,-0.4225724730325312,S,Second,woman,False,Southampton,yes,False,2
421,0,3,male,-0.9889242842702648,0,0,-0.9886111339665123,Q,Third,man,True,Queenstown,no,True,0
422,0,3,male,-0.07713055989668878,0,0,-0.9688237269534579,S,Third,man,True,Southampton,no,True,0
423,0,3,female,-0.17625906909495204,1,1,-0.31111259958075715,S,Third,woman,False,Southampton,no,False,2
424,0,3,male,-1.4243803219843891,1,1,0.05839718702726486,S,Third,man,True,Southampton,no,False,2
426,1,2,female,-0.17625906909495204,1,0,0.33279481642245184,S,Second,woman,False,Southampton,yes,False,1
427,1,2,female,-1.2716473079558395,0,0,0.33279481642245184,S,Second,woman,False,Southampton,yes,True,0
429,1,3,male,0.20095010836623992,0,0,-0.9448718915295101,S,Third,man,True,Southampton,yes,True,0
430,1,1,male,-0.17625906909495204,0,0,0.35560708817197745,S,First,man,True,Southampton,yes,True,0
432,1,2,female,0.9691282208343964,1,0,0.33279481642245184,S,Second,woman,False,Southampton,yes,False,1
433,0,3,male,-1.5858455613246225,0,0,-1.0778911413926195,S,Third,man,True,Southampton,no,True,0
434,0,1,male,1.461654333681781,1,0,1.1669746057924772,S,First,man,True,Southampton,no,False,1
435,1,1,female,-2.1343115741996135,1,2,1.9994756350505893,S,First,child,False,Southampton,yes,False,3
436,0,3,female,-0.9889242842702648,2,2,0.6370930864325202,S,Third,woman,False,Southampton,no,False,4
437,1,2,female,-0.6117151068090739,2,3,-0.023452280879885264,S,Second,woman,False,Southampton,yes,False,5
439,0,2,male,0.11126407917622454,0,0,-0.6553179761010235,S,Second,man,True,Southampton,no,True,0
440,1,2,female,1.1640242957780427,1,1,0.3432232657884326,S,Second,woman,False,Southampton,yes,False,2
441,0,3,male,-1.1267502840806507,0,0,-0.7643853905401847,S,Third,man,True,Southampton,no,True,0
442,0,3,male,-0.49639817142288,1,0,-0.9827506211941123,S,Third,man,True,Southampton,no,False,1
443,1,2,female,-0.17625906909495204,0,0,-0.4225724730325312,S,Second,woman,False,Southampton,yes,True,0
444,1,3,male,-0.009837837889073225,0,0,-0.936443662028131,S,Third,man,True,Southampton,yes,True,0
446,1,2,female,-2.3436571570621143,0,1,0.019289065570016965,S,Second,child,False,Southampton,yes,False,1
447,1,1,male,0.3722069437800388,0,0,0.35560708817197745,S,First,man,True,Southampton,yes,True,0
449,1,1,male,1.5724478531472084,0,0,0.5067541049730276,S,First,man,True,Southampton,yes,True,0
450,0,2,male,0.5336721831202722,1,2,0.4037813247685143,S,Second,man,True,Southampton,no,False,3
451,0,3,male,-0.009837837889073225,1,0,0.04506354719305155,S,Third,man,True,Southampton,no,False,1
452,0,1,male,0.018637005848696625,0,0,0.4037813247685143,C,First,man,True,Cherbourg,no,True,0
453,1,1,male,1.4045842585485195,1,0,1.6750687517056937,C,First,man,True,Cherbourg,yes,False,1
455,1,3,male,-0.07713055989668878,0,0,-0.9659491590548142,C,Third,man,True,Cherbourg,yes,True,0
456,0,1,male,2.2027999658049775,0,0,0.35560708817197745,S,First,man,True,Southampton,no,True,0
457,1,1,female,-0.009837837889073225,1,0,1.0852767001556516,S,First,woman,False,Southampton,yes,False,1
458,1,2,female,1.461654333681781,0,0,-0.6553179761010235,S,Second,woman,False,Southampton,yes,True,0
460,1,1,male,1.346337398295587,0,0,0.35560708817197745,S,First,man,True,Southampton,yes,True,0
461,0,3,male,0.3722069437800388,0,0,-0.9448718915295101,S,Third,man,True,Southampton,no,True,0
462,0,1,male,1.2868641986967546,0,0,0.7605946806663649,S,First,man,True,Southampton,no,True,0
463,0,2,male,1.346337398295587,0,0,-0.4225724730325312,S,Second,man,True,Southampton,no,True,0
465,0,3,male,0.6864051971488218,0,0,-1.0894231499845994,S,Third,man,True,Southampton,no,True,0
467,0,1,male,1.7817934360097103,0,0,0.35560708817197745,S,First,man,True,Southampton,no,True,0
468,0,3,male,-0.009837837889073225,0,0,-0.9897813852104838,Q,Third,man,True,Queenstown,no,True,0
471,0,3,male,0.6864051971488218,0,0,-0.8649580629279608,S,Third,man,True,Southampton,no,True,0
472,1,2,female,0.2878761249879749,1,2,0.4037813247685143,S,Second,woman,False,Southampton,yes,False,3
473,1,2,female,-0.7319405971034905,0,0,-0.3581481979148156,C,Second,woman,False,Cherbourg,yes,True,0
474,0,3,female,-0.8575111649413711,0,0,-0.7263419083260212,S,Third,woman,False,Southampton,no,True,0
475,0,1,male,-0.009837837889073225,0,0,1.0881621058774344,S,First,man,True,Southampton,no,True,0
477,0,3,male,-0.07713055989668878,1,0,-1.0900725649357406,S,Third,man,True,Southampton,no,False,1
478,0,3,male,-0.8575111649413711,0,0,-1.0189754253240368,S,Third,man,True,Southampton,no,True,0
482,0,3,male,1.461654333681781,0,0,-0.9448718915295101,S,Third,man,True,Southampton,no,True,0
483,1,3,female,2.1145155107637437,0,0,-0.7543940271692522,S,Third,woman,False,Southampton,yes,True,0
484,1,1,male,-0.49639817142288,1,0,1.6989596469875836,C,First,man,True,Cherbourg,yes,False,1
486,1,1,female,0.45409304356281976,1,0,1.6859698841981554,S,First,woman,False,Southampton,yes,False,1
487,0,1,male,1.880921945207971,0,0,0.4777885554817616,C,First,man,True,Cherbourg,no,True,0
491,0,3,male,-0.9889242842702648,0,0,-1.05893823511296,S,Third,man,True,Southampton,no,True,0
492,0,1,male,1.7308934528210618,0,0,0.5067541049730276,S,First,man,True,Southampton,no,True,0
495,0,3,male,-0.009837837889073225,0,0,-0.3067094736105588,C,Third,man,True,Cherbourg,no,True,0
496,1,1,female,1.6790594730496204,1,0,1.533743445465881,C,First,woman,False,Cherbourg,yes,False,1
497,0,3,male,-0.009837837889073225,0,0,-0.25938524559366394,S,Third,man,True,Southampton,no,True,0
498,0,1,female,-0.49639817142288,1,2,2.253852705191855,S,First,woman,False,Southampton,no,False,3
499,0,3,male,-0.6117151068090739,0,0,-0.9798391307057922,S,Third,man,True,Southampton,no,True,0
501,0,3,female,-0.9889242842702648,0,0,-0.9862603332214835,Q,Third,woman,False,Queenstown,no,True,0
502,0,3,female,-0.009837837889073225,0,0,-1.0033803753917039,Q,Third,woman,False,Queenstown,no,True,0
503,0,3,female,0.6110707956386078,0,0,-0.7543940271692522,S,Third,woman,False,Southampton,no,True,0
504,1,1,female,-1.7571023967384214,0,0,1.642744090244144,S,First,woman,False,Southampton,yes,True,0
505,0,1,male,-1.4243803219843891,1,0,1.8937012122491494,C,First,man,True,Cherbourg,no,False,1
506,1,2,female,0.2878761249879749,0,2,0.33279481642245184,S,Second,woman,False,Southampton,yes,False,2
507,1,1,male,-0.009837837889073225,0,0,0.35560708817197745,S,First,man,True,Southampton,yes,True,0
508,0,3,male,-0.17625906909495204,0,0,0.17644548269467233,S,Third,man,True,Southampton,no,True,0
509,1,3,male,-0.38560465195745286,0,0,1.1785282022019663,S,Third,man,True,Southampton,yes,True,0
510,1,3,male,-0.07713055989668878,0,0,-0.9862603332214835,Q,Third,man,True,Queenstown,yes,True,0
512,1,1,male,0.5336721831202722,0,0,0.34477896147382353,S,First,man,True,Southampton,yes,True,0
513,1,1,female,1.6790594730496204,1,0,1.2331558449367441,C,First,woman,False,Cherbourg,yes,False,1
514,0,3,male,-0.6117151068090739,0,0,-1.0226039619080833,S,Third,man,True,Southampton,no,True,0
515,0,1,male,1.2868641986967546,0,0,0.6258058995855373,S,First,man,True,Southampton,no,True,0
516,1,2,female,0.3722069437800388,0,0,-0.6553179761010235,S,Second,woman,False,Southampton,yes,True,0
517,0,3,male,-0.009837837889073225,0,0,0.2523569365280206,Q,Third,man,True,Queenstown,no,True,0
518,1,2,female,0.5336721831202722,1,0,0.33279481642245184,S,Second,woman,False,Southampton,yes,False,1
519,0,3,male,0.20095010836623992,0,0,-0.9659491590548142,S,Third,man,True,Southampton,no,True,0
520,1,1,female,0.018637005848696625,0,0,1.7275463297968392,S,First,woman,False,Southampton,yes,True,0
523,1,1,female,1.1005413401632875,0,1,1.2067727510108968,C,First,woman,False,Cherbourg,yes,False,1
524,0,3,male,-0.009837837889073225,0,0,-1.0620692257971638,C,Third,man,True,Cherbourg,no,True,0
525,0,3,male,0.8663942578743044,0,0,-0.9862603332214835,Q,Third,man,True,Queenstown,no,True,0
527,0,1,male,-0.009837837889073225,0,0,2.6687987797453205,S,First,man,True,Southampton,no,True,0
528,0,3,male,0.7597826379718933,0,0,-0.9619264593562706,S,Third,man,True,Southampton,no,True,0
529,0,2,male,-0.7319405971034905,2,1,-0.5561801487428454,S,Second,man,True,Southampton,no,False,3
532,0,3,male,-1.5858455613246225,1,1,-1.0620692257971638,C,Third,man,True,Cherbourg,no,False,2
533,1,3,female,-0.009837837889073225,0,2,0.16835050744858493,C,Third,woman,False,Cherbourg,yes,False,2
534,0,3,female,0.018637005848696625,0,0,-0.8649580629279608,S,Third,woman,False,Southampton,no,True,0
536,0,1,male,1.1640242957780427,0,0,0.35560708817197745,S,First,man,True,Southampton,no,True,0
537,1,1,female,0.018637005848696625,0,0,1.868648048138696,C,First,woman,False,Cherbourg,yes,True,0
538,0,3,male,-0.009837837889073225,0,0,-0.30357094565797726,S,Third,man,True,Southampton,no,True,0
539,1,1,female,-0.8575111649413711,0,2,1.03446825876867,C,First,woman,False,Cherbourg,yes,False,2
540,1,1,female,0.5336721831202722,0,2,1.4275542197775115,S,First,woman,False,Southampton,yes,False,2
542,0,3,female,-2.8155636700460325,4,2,0.5340988855822495,S,Third,child,False,Southampton,no,False,6
543,1,2,male,0.20095010836623992,1,0,0.33279481642245184,S,Second,man,True,Southampton,yes,False,1
544,0,1,male,1.461654333681781,1,0,1.868648048138696,C,First,man,True,Cherbourg,no,False,1
545,0,1,male,2.1590026134709013,0,0,0.33279481642245184,S,First,man,True,Southampton,no,True,0
546,1,2,female,-1.2716473079558395,1,0,0.33279481642245184,S,Second,woman,False,Southampton,yes,False,1
547,1,2,male,-0.009837837889073225,0,0,-0.35256817713921257,C,Second,man,True,Cherbourg,yes,True,0
548,0,3,male,0.2878761249879749,1,1,0.07511682524634744,S,Third,man,True,Southampton,no,False,2
550,1,1,male,-1.5858455613246225,0,2,1.9133695754463693,C,First,man,True,Cherbourg,yes,False,2
551,0,2,male,-0.27899303205504183,0,0,0.33279481642245184,S,Second,man,True,Southampton,no,True,0
552,0,3,male,-0.009837837889073225,0,0,-0.9751801618098409,Q,Third,man,True,Queenstown,no,True,0
553,1,3,male,-0.8575111649413711,0,0,-1.0627025381392528,C,Third,man,True,Cherbourg,yes,True,0
554,1,3,female,-0.8575111649413711,0,0,-0.9827506211941123,S,Third,woman,False,Southampton,yes,True,0
556,1,1,female,1.346337398295587,1,0,0.791294306334196,C,First,woman,False,Cherbourg,yes,False,1
557,0,1,male,-0.009837837889073225,0,0,2.6966725946465777,C,First,man,True,Cherbourg,no,True,0
558,1,1,female,0.7597826379718933,1,1,1.5528359162295087,S,First,woman,False,Southampton,yes,False,2
559,1,3,female,0.5336721831202722,1,0,-0.1048833594899026,S,Third,woman,False,Southampton,yes,False,1
561,0,3,male,0.8313022210240106,0,0,-0.9659491590548142,S,Third,man,True,Southampton,no,True,0
562,0,2,male,-0.17625906909495204,0,0,-0.3814443979987185,S,Second,man,True,Southampton,no,True,0
565,0,3,male,-0.6117151068090739,2,0,0.2523569365280206,S,Third,man,True,Southampton,no,False,2
566,0,3,male,-1.2716473079558395,0,0,-0.9659491590548142,S,Third,man,True,Southampton,no,True,0
567,0,3,female,-0.07713055989668878,0,4,0.10393439640836585,S,Third,woman,False,Southampton,no,False,4
569,1,3,male,0.20095010836623992,0,0,-0.971705897410643,S,Third,man,True,Southampton,yes,True,0
570,1,2,male,2.069316584280887,0,0,-0.6553179761010235,S,Second,man,True,Southampton,yes,True,0
571,1,1,female,1.6262565779406366,2,0,1.0771926701275054,S,First,woman,False,Southampton,yes,False,2
572,1,1,male,0.5336721831202722,0,0,0.34891665849039055,S,First,man,True,Southampton,yes,True,0
574,0,3,male,-1.7571023967384214,0,0,-0.9448718915295101,S,Third,man,True,Southampton,no,True,0
575,0,3,male,-1.2716473079558395,0,0,-0.30357094565797726,S,Third,man,True,Southampton,no,True,0
576,1,2,female,0.3722069437800388,0,0,-0.4225724730325312,S,Second,woman,False,Southampton,yes,True,0
577,1,1,female,0.7597826379718933,1,0,1.1669746057924772,S,First,woman,False,Southampton,yes,False,1
578,0,3,female,-0.009837837889073225,1,0,-0.3067094736105588,C,Third,woman,False,Cherbourg,no,False,1
579,1,3,male,0.20095010836623992,0,0,-0.9619264593562706,S,Third,man,True,Southampton,yes,True,0
580,1,2,female,-0.49639817142288,1,1,0.4887410561406243,S,Second,woman,False,Southampton,yes,False,2
581,1,1,female,0.7597826379718933,1,1,1.9133695754463693,C,First,woman,False,Cherbourg,yes,False,2
582,0,2,male,1.6790594730496204,0,0,0.33279481642245184,S,Second,man,True,Southampton,no,True,0
583,0,1,male,0.5336721831202722,0,0,0.8056470114443399,C,First,man,True,Cherbourg,no,True,0
584,0,3,male,-0.009837837889073225,0,0,-0.8586860188949955,C,Third,man,True,Cherbourg,no,True,0
585,1,1,female,-1.4243803219843891,0,2,1.5528359162295087,S,First,woman,False,Southampton,yes,False,2
586,0,2,male,1.2868641986967546,0,0,-0.2666262333143583,S,Second,man,True,Southampton,no,True,0
587,1,1,male,1.9766895109533567,1,1,1.546661595789179,C,First,man,True,Cherbourg,yes,False,2
590,0,3,male,0.45409304356281976,0,0,-1.0778911413926195,S,Third,man,True,Southampton,no,True,0
591,1,1,female,1.5724478531472084,1,0,1.533743445465881,C,First,woman,False,Cherbourg,yes,False,1
592,0,3,male,1.2868641986967546,0,0,-1.05893823511296,S,Third,man,True,Southampton,no,True,0
593,0,3,female,-0.009837837889073225,0,2,-0.9862603332214835,Q,Third,woman,False,Queenstown,no,False,2
594,0,2,male,0.6110707956386078,1,0,0.33279481642245184,S,Second,man,True,Southampton,no,False,1
595,0,3,male,0.5336721831202722,1,1,0.2523569365280206,S,Third,man,True,Southampton,no,False,2
596,1,2,female,-0.009837837889073225,0,0,0.5926067201661213,S,Second,woman,False,Southampton,yes,True,0
599,1,1,male,1.4045842585485195,1,0,1.1868562832191136,C,First,man,True,Cherbourg,yes,False,1
600,1,2,female,-0.6117151068090739,2,1,0.37392289145626456,S,Second,woman,False,Southampton,yes,False,3
602,0,1,male,-0.009837837889073225,0,0,0.865746202826355,S,First,man,True,Southampton,no,True,0
603,0,3,male,1.1005413401632875,0,0,-0.9448718915295101,S,Third,man,True,Southampton,no,True,0
604,1,1,male,0.45409304356281976,0,0,0.35560708817197745,C,First,man,True,Cherbourg,yes,True,0
605,0,3,male,0.5336721831202722,1,0,-0.2273833317391297,S,Third,man,True,Southampton,no,False,1
606,0,3,male,0.018637005848696625,0,0,-0.9659491590548142,S,Third,man,True,Southampton,no,True,0
607,1,1,male,-0.27899303205504183,0,0,0.5067541049730276,S,First,man,True,Southampton,yes,True,0
608,1,2,female,-0.8575111649413711,1,2,0.8444431348556836,C,Second,woman,False,Cherbourg,yes,False,3
609,1,1,female,0.8313022210240106,0,0,2.2675190447236,S,First,woman,False,Southampton,yes,True,0
610,0,3,female,0.7597826379718933,1,5,0.5340988855822495,S,Third,woman,False,Southampton,no,False,6
611,0,3,male,-0.009837837889073225,0,0,-1.0894231499845994,S,Third,man,True,Southampton,no,True,0
615,1,2,female,-0.6117151068090739,1,2,1.331336058311907,S,Second,woman,False,Southampton,yes,False,3
616,0,3,male,0.3722069437800388,1,1,-0.31111259958075715,S,Third,man,True,Southampton,no,False,2
617,0,3,female,-0.38560465195745286,1,0,-0.1895046020745276,S,Third,woman,False,Southampton,no,False,1
619,0,2,male,-0.38560465195745286,0,0,-0.6553179761010235,S,Second,man,True,Southampton,no,True,0
620,0,3,male,-0.27899303205504183,1,0,-0.30701854650736077,C,Third,man,True,Cherbourg,no,False,1
621,1,1,male,0.9691282208343964,1,0,1.0997150271610856,S,First,man,True,Southampton,yes,False,1
622,1,3,male,-1.1267502840806507,1,1,-0.21403087754093547,C,Third,man,True,Cherbourg,yes,False,2
623,0,3,male,-0.9889242842702648,0,0,-0.971705897410643,S,Third,man,True,Southampton,no,True,0
624,0,3,male,-0.9889242842702648,0,0,-0.1895046020745276,S,Third,man,True,Southampton,no,True,0
625,0,1,male,2.0233826837756923,0,0,0.5699433473425114,S,First,man,True,Southampton,no,True,0
626,0,2,male,1.831792487078169,0,0,-0.47847009165580945,Q,Second,man,True,Queenstown,no,True,0
627,1,1,female,-0.9889242842702648,0,0,1.5294408837461568,S,First,woman,False,Southampton,yes,True,0
628,0,3,male,-0.38560465195745286,0,0,-0.9659491590548142,S,Third,man,True,Southampton,no,True,0
629,0,3,male,-0.009837837889073225,0,0,-0.9886111339665123,Q,Third,man,True,Queenstown,no,True,0
631,0,3,male,1.517594233709386,0,0,-1.0887741218037763,S,Third,man,True,Southampton,no,True,0
632,1,1,male,0.20095010836623992,0,0,0.5067541049730276,C,First,man,True,Cherbourg,yes,True,0
637,0,2,male,0.11126407917622454,1,1,0.3432232657884326,S,Second,man,True,Southampton,no,False,2
638,0,3,female,0.9010557067138735,0,5,0.7936995895108158,S,Third,woman,False,Southampton,no,False,5
639,0,3,male,-0.009837837889073225,1,0,-0.1895046020745276,S,Third,man,True,Southampton,no,False,1
643,1,3,male,-0.009837837889073225,0,0,1.1785282022019663,S,Third,man,True,Southampton,yes,True,0
645,1,1,male,1.346337398295587,1,0,1.5121226400468473,C,First,man,True,Cherbourg,yes,False,1
647,1,1,male,1.7817934360097103,0,0,0.6721869303225285,C,First,man,True,Cherbourg,yes,True,0
648,0,3,male,-0.009837837889073225,0,0,-1.0147525350486466,S,Third,man,True,Southampton,no,True,0
649,1,3,female,-0.7319405971034905,0,0,-1.0147525350486466,S,Third,woman,False,Southampton,yes,True,0
651,1,2,female,-1.4243803219843891,0,1,0.1991871407121371,S,Second,woman,False,Southampton,yes,False,1
652,0,3,male,-0.9889242842702648,0,0,-0.8941803306985379,S,Third,man,True,Southampton,no,True,0
653,1,3,female,-0.009837837889073225,0,0,-0.9751801618098409,Q,Third,woman,False,Queenstown,yes,True,0
654,0,3,female,-1.4243803219843891,0,0,-1.136811687453701,Q,Third,woman,False,Queenstown,no,True,0
655,0,2,male,-0.6117151068090739,2,0,1.465266101911733,S,Second,man,True,Southampton,no,False,2
657,0,3,female,0.20095010836623992,1,1,-0.23089304376650097,Q,Third,woman,False,Queenstown,no,False,2
658,0,2,male,-0.7319405971034905,0,0,-0.4225724730325312,S,Second,man,True,Southampton,no,True,0
659,0,1,male,1.880921945207971,0,2,1.9366253639509328,C,First,man,True,Cherbourg,no,False,2
660,1,1,male,1.461654333681781,2,0,2.1168789221418405,S,First,man,True,Southampton,yes,False,2
661,0,3,male,0.8313022210240106,0,0,-1.0627025381392528,C,Third,man,True,Cherbourg,no,True,0
662,0,1,male,1.2868641986967546,0,0,0.31536666052987067,S,First,man,True,Southampton,no,True,0
663,0,3,male,0.5336721831202722,0,0,-1.0226039619080833,S,Third,man,True,Southampton,no,True,0
664,1,3,male,-1.1267502840806507,1,0,-0.9619264593562706,S,Third,man,True,Southampton,yes,False,1
665,0,2,male,0.20095010836623992,2,0,1.465266101911733,S,Second,man,True,Southampton,no,False,2
667,0,3,male,-0.009837837889073225,0,0,-0.9827506211941123,S,Third,man,True,Southampton,no,True,0
668,0,3,male,1.0355988791485065,0,0,-0.9448718915295101,S,Third,man,True,Southampton,no,True,0
669,1,1,female,-0.009837837889073225,1,0,1.0881621058774344,S,First,woman,False,Southampton,yes,False,1
670,1,2,female,0.8313022210240106,1,1,0.7746563550249995,S,Second,woman,False,Southampton,yes,False,2
671,0,1,male,0.11126407917622454,1,0,1.0881621058774344,S,First,man,True,Southampton,no,False,1
672,0,2,male,2.412145548667482,0,0,-0.6553179761010235,S,Second,man,True,Southampton,no,True,0
673,1,2,male,0.11126407917622454,0,0,-0.4225724730325312,S,Second,man,True,Southampton,yes,True,0
675,0,3,male,-1.4243803219843891,0,0,-0.9827506211941123,S,Third,man,True,Southampton,no,True,0
676,0,3,male,-0.5534682465561416,0,0,-0.9448718915295101,S,Third,man,True,Southampton,no,True,0
677,1,3,female,-1.4243803219843891,0,0,-0.72587674596493,S,Third,woman,False,Southampton,yes,True,0
678,0,3,female,1.0355988791485065,1,6,0.9756700138852652,S,Third,woman,False,Southampton,no,False,7
680,0,3,female,-0.009837837889073225,0,0,-0.9330905374056,Q,Third,woman,False,Queenstown,no,True,0
681,1,1,male,-0.27899303205504183,0,0,1.5121226400468473,C,First,man,True,Cherbourg,yes,True,0
682,0,3,male,-1.1267502840806507,0,0,-0.7963968004681826,S,Third,man,True,Southampton,no,True,0
683,0,3,male,-2.1343115741996135,5,2,0.9756700138852652,S,Third,child,False,Southampton,no,False,7
684,0,2,male,1.9766895109533567,1,1,0.7746563550249995,S,Second,man,True,Southampton,no,False,2
685,0,2,male,-0.49639817142288,1,2,0.8444431348556836,C,Second,man,True,Cherbourg,no,False,3
686,0,3,male,-2.1343115741996135,4,1,0.7936995895108158,S,Third,child,False,Southampton,no,False,5
687,0,3,male,-1.2716473079558395,0,0,-0.6900317612684258,S,Third,man,True,Southampton,no,True,0
688,0,3,male,-1.4243803219843891,0,0,-0.9798391307057922,S,Third,man,True,Southampton,no,True,0
689,1,1,female,-1.9394154992559647,0,1,2.616243887434711,S,First,child,False,Southampton,yes,False,1
690,1,1,male,0.11126407917622454,1,0,1.188210726972329,S,First,man,True,Southampton,yes,False,1
693,0,3,male,-0.49639817142288,0,0,-1.0627025381392528,C,Third,man,True,Cherbourg,no,True,0
694,0,1,male,1.9766895109533567,0,0,0.35560708817197745,S,First,man,True,Southampton,no,True,0
695,0,2,male,1.5724478531472084,0,0,-0.3814443979987185,S,Second,man,True,Southampton,no,True,0
697,1,3,female,-0.009837837889073225,0,0,-0.9886111339665123,Q,Third,woman,False,Queenstown,yes,True,0
698,0,1,male,1.4045842585485195,1,1,1.9133695754463693,C,First,man,True,Cherbourg,no,False,2
699,0,3,male,0.9691282208343964,0,0,-1.0004133197124396,S,Third,man,True,Southampton,no,True,0
700,1,1,female,-1.4243803219843891,1,0,2.6966725946465777,C,First,woman,False,Cherbourg,yes,False,1
701,1,1,male,0.45409304356281976,0,0,0.34477896147382353,S,First,man,True,Southampton,yes,True,0
702,0,3,female,-1.4243803219843891,0,1,-0.30701854650736077,C,Third,woman,False,Cherbourg,no,False,1
703,0,3,male,-0.49639817142288,0,0,-0.9874280614112364,Q,Third,man,True,Queenstown,no,True,0
704,0,3,male,-0.38560465195745286,1,0,-0.971705897410643,S,Third,man,True,Southampton,no,False,1
705,0,2,male,0.7597826379718933,0,0,0.33279481642245184,S,Second,man,True,Southampton,no,True,0
706,1,2,female,1.1640242957780427,0,0,-0.3814443979987185,S,Second,woman,False,Southampton,yes,True,0
707,1,1,male,0.9691282208343964,0,0,0.34477896147382353,S,First,man,True,Southampton,yes,True,0
708,1,1,female,-0.8575111649413711,0,0,2.253852705191855,S,First,woman,False,Southampton,yes,True,0
710,1,1,female,-0.6117151068090739,0,0,1.0345607197249005,C,First,woman,False,Cherbourg,yes,True,0
711,0,1,male,-0.009837837889073225,0,0,0.35560708817197745,S,First,man,True,Southampton,no,True,0
712,1,1,male,1.346337398295587,1,0,1.0881621058774344,S,First,man,True,Southampton,yes,False,1
713,0,3,male,-0.07713055989668878,0,0,-0.766302767837634,S,Third,man,True,Southampton,no,True,0
714,0,2,male,1.5724478531472084,0,0,-0.4225724730325312,S,Second,man,True,Southampton,no,True,0
715,0,3,male,-1.2716473079558395,0,0,-1.0004133197124396,S,Third,man,True,Southampton,no,True,0
716,1,1,female,0.6864051971488218,0,0,2.6966725946465777,C,First,woman,False,Cherbourg,yes,True,0
717,1,2,female,-0.27899303205504183,0,0,-0.6553179761010235,S,Second,woman,False,Southampton,yes,True,0
718,0,3,male,-0.009837837889073225,0,0,-0.23089304376650097,Q,Third,man,True,Queenstown,no,True,0
719,0,3,male,0.2878761249879749,0,0,-0.9827506211941123,S,Third,man,True,Southampton,no,True,0
721,0,3,male,-1.5858455613246225,1,0,-1.0887741218037763,S,Third,man,True,Southampton,no,False,1
722,0,2,male,0.3722069437800388,0,0,-0.4225724730325312,S,Second,man,True,Southampton,no,True,0
723,0,2,male,1.461654333681781,0,0,-0.4225724730325312,S,Second,man,True,Southampton,no,True,0
724,1,1,male,-0.27899303205504183,1,0,1.1109743776269605,S,First,man,True,Southampton,yes,False,1
725,0,3,male,-1.1267502840806507,0,0,-0.8649580629279608,S,Third,man,True,Southampton,no,True,0
726,1,2,female,0.018637005848696625,3,0,0.10004931335395954,S,Second,woman,False,Southampton,yes,False,3
727,1,3,female,-0.009837837889073225,0,0,-0.9880194371426714,Q,Third,woman,False,Queenstown,yes,True,0
728,0,2,male,-0.49639817142288,1,0,0.33279481642245184,S,Second,man,True,Southampton,no,False,1
729,0,3,female,-0.49639817142288,1,0,-0.9619264593562706,S,Third,woman,False,Southampton,no,False,1
730,1,1,female,-0.07713055989668878,0,0,2.616243887434711,S,First,woman,False,Southampton,yes,True,0
731,0,3,male,-2.8155636700460325,0,0,-0.02127492822239056,C,Third,child,False,Cherbourg,no,True,0
735,0,3,male,-0.12626001802649223,0,0,-0.1895046020745276,S,Third,man,True,Southampton,no,True,0
736,0,3,female,1.346337398295587,1,3,0.6370930864325202,S,Third,woman,False,Southampton,no,False,4
740,1,1,male,-0.009837837889073225,0,0,0.4887410561406243,S,First,man,True,Southampton,yes,True,0
741,0,1,male,0.5336721831202722,1,0,1.5418350440855546,S,First,man,True,Southampton,no,False,1
743,0,3,male,-0.6117151068090739,1,0,-0.1895046020745276,S,Third,man,True,Southampton,no,False,1
744,1,3,male,0.11126407917622454,0,0,-0.9619264593562706,S,Third,man,True,Southampton,yes,True,0
745,0,1,male,2.412145548667482,1,1,1.4275542197775115,S,First,man,True,Southampton,no,False,2
746,0,3,male,-1.7571023967384214,1,1,0.060417140603830195,S,Third,man,True,Southampton,no,False,2
747,1,2,female,0.018637005848696625,0,0,-0.4225724730325312,S,Second,woman,False,Southampton,yes,True,0
748,0,1,male,-1.2716473079558395,1,0,1.1109743776269605,S,First,man,True,Southampton,no,False,1
749,0,3,male,0.11126407917622454,0,0,-0.9862603332214835,Q,Third,man,True,Queenstown,no,True,0
752,0,3,male,0.2878761249879749,0,0,-0.7643853905401847,S,Third,man,True,Southampton,no,True,0
753,0,3,male,-0.7319405971034905,0,0,-0.9659491590548142,S,Third,man,True,Southampton,no,True,0
754,1,2,female,1.346337398295587,1,2,1.331336058311907,S,Second,woman,False,Southampton,yes,False,3
756,0,3,male,-0.17625906909495204,0,0,-0.9798391307057922,S,Third,man,True,Southampton,no,True,0
759,1,1,female,0.2878761249879749,0,0,1.642744090244144,S,First,woman,False,Southampton,yes,True,0
761,0,3,male,0.9010557067138735,0,0,-1.0778911413926195,S,Third,man,True,Southampton,no,True,0
762,1,3,male,-1.1267502840806507,0,0,-1.0620692257971638,C,Third,man,True,Cherbourg,yes,True,0
763,1,1,female,0.5336721831202722,1,2,1.9994756350505893,S,First,woman,False,Southampton,yes,False,3
764,0,3,male,-1.7571023967384214,0,0,-0.9827506211941123,S,Third,man,True,Southampton,no,True,0
765,1,1,female,1.517594233709386,1,0,1.5294408837461568,S,First,woman,False,Southampton,yes,False,1
766,0,1,male,-0.009837837889073225,0,0,0.791294306334196,C,First,man,True,Cherbourg,no,True,0
767,0,3,female,0.06533017867103115,0,0,-0.9862603332214835,Q,Third,woman,False,Queenstown,no,True,0
768,0,3,male,-0.009837837889073225,1,0,0.2523569365280206,Q,Third,man,True,Queenstown,no,False,1
769,0,3,male,0.20095010836623992,0,0,-0.9033678411107207,S,Third,man,True,Southampton,no,True,0
770,0,3,male,-0.6117151068090739,0,0,-0.7643853905401847,S,Third,man,True,Southampton,no,True,0
771,0,3,male,1.346337398295587,0,0,-0.971705897410643,S,Third,man,True,Southampton,no,True,0
772,0,2,female,1.831792487078169,0,0,-0.6553179761010235,S,Second,woman,False,Southampton,no,True,0
774,1,2,female,1.6790594730496204,1,3,0.1991871407121371,S,Second,woman,False,Southampton,yes,False,4
775,0,3,male,-1.4243803219843891,0,0,-0.9862603332214835,S,Third,man,True,Southampton,no,True,0
778,0,3,male,-0.009837837889073225,0,0,-0.9880194371426714,Q,Third,man,True,Queenstown,no,True,0
779,1,1,female,1.0355988791485065,0,1,2.616243887434711,S,First,woman,False,Southampton,yes,False,1
780,1,3,female,-2.3436571570621143,0,0,-1.0620692257971638,C,Third,child,False,Cherbourg,yes,True,0
781,1,1,female,-1.5858455613246225,1,0,1.188210726972329,S,First,woman,False,Southampton,yes,False,1
782,0,1,male,-0.07713055989668878,0,0,0.4887410561406243,S,First,man,True,Southampton,no,True,0
783,0,3,male,-0.009837837889073225,1,2,0.22030272443028215,S,Third,man,True,Southampton,no,False,3
784,0,3,male,-0.49639817142288,0,0,-1.0894231499845994,S,Third,man,True,Southampton,no,True,0
785,0,3,male,-0.49639817142288,0,0,-1.05893823511296,S,Third,man,True,Southampton,no,True,0
786,1,3,female,-1.4243803219843891,0,0,-1.0226039619080833,S,Third,woman,False,Southampton,yes,True,0
789,0,1,male,1.2261119080011706,0,0,1.546661595789179,C,First,man,True,Cherbourg,no,True,0
791,0,2,male,-1.7571023967384214,0,0,0.33279481642245184,S,Second,man,True,Southampton,no,True,0
793,0,1,male,-0.009837837889073225,0,0,0.5137276765299204,C,First,man,True,Cherbourg,no,True,0
794,0,3,male,-0.49639817142288,0,0,-0.9659491590548142,S,Third,man,True,Southampton,no,True,0
795,0,2,male,0.7597826379718933,0,0,-0.4225724730325312,S,Second,man,True,Southampton,no,True,0
796,1,1,female,1.4045842585485195,0,0,0.32982325573987065,S,First,woman,False,Southampton,yes,True,0
797,1,3,female,0.11126407917622454,0,0,-0.8623445062825997,S,Third,woman,False,Southampton,yes,True,0
798,0,3,male,0.018637005848696625,0,0,-1.0620692257971638,C,Third,man,True,Cherbourg,no,True,0
799,0,3,female,0.018637005848696625,1,1,0.2523569365280206,S,Third,woman,False,Southampton,no,False,2
801,1,2,female,0.11126407917622454,1,1,0.3432232657884326,S,Second,woman,False,Southampton,yes,False,2
802,1,1,male,-2.8155636700460325,1,2,1.9994756350505893,S,First,child,False,Southampton,yes,False,3
804,1,3,male,-0.27899303205504183,0,0,-1.1010784979058432,S,Third,man,True,Southampton,yes,True,0
805,0,3,male,0.11126407917622454,0,0,-0.9827506211941123,S,Third,man,True,Southampton,no,True,0
807,0,3,female,-1.4243803219843891,0,0,-0.9827506211941123,S,Third,woman,False,Southampton,no,True,0
809,1,1,female,0.2878761249879749,1,0,1.1109743776269605,S,First,woman,False,Southampton,yes,False,1
810,0,3,male,-0.38560465195745286,0,0,-0.9670953132008944,S,Third,man,True,Southampton,no,True,0
811,0,3,male,0.7597826379718933,0,0,0.2523569365280206,S,Third,man,True,Southampton,no,True,0
812,0,2,male,0.45409304356281976,0,0,-0.6553179761010235,S,Second,man,True,Southampton,no,True,0
814,0,3,male,0.06533017867103115,0,0,-0.9448718915295101,S,Third,man,True,Southampton,no,True,0
816,0,3,female,-0.7319405971034905,0,0,-0.9619264593562706,S,Third,woman,False,Southampton,no,True,0
817,0,2,male,0.11126407917622454,1,1,0.7174107716139762,C,Second,man,True,Cherbourg,no,False,2
818,0,3,male,1.0355988791485065,0,0,-1.1863549752887712,S,Third,man,True,Southampton,no,True,0
820,1,1,female,1.5724478531472084,1,1,1.7275463297968392,S,First,woman,False,Southampton,yes,False,2
821,1,3,male,-0.27899303205504183,0,0,-0.8649580629279608,S,Third,man,True,Southampton,yes,True,0
823,1,3,female,-0.27899303205504183,0,1,-0.46749553120721593,S,Third,woman,False,Southampton,yes,False,1
825,0,3,male,-0.009837837889073225,0,0,-1.1049914810778294,Q,Third,man,True,Queenstown,no,True,0
826,0,3,male,-0.009837837889073225,0,0,1.1785282022019663,S,Third,man,True,Southampton,no,True,0
828,1,3,male,-0.009837837889073225,0,0,-0.9862603332214835,Q,Third,man,True,Queenstown,yes,True,0
829,1,1,female,2.069316584280887,0,0,1.5576140964480412,29.69911764705882,First,woman,False,29.69911764705882,yes,True,0
830,1,3,female,-1.9394154992559647,1,0,-0.30701854650736077,C,Third,child,False,Cherbourg,yes,False,1
833,0,3,male,-0.7319405971034905,0,0,-0.971705897410643,S,Third,man,True,Southampton,no,True,0
834,0,3,male,-1.4243803219843891,0,0,-0.9115431580905887,S,Third,man,True,Southampton,no,True,0
835,1,1,female,0.7597826379718933,1,1,1.5998091138413721,C,First,woman,False,Cherbourg,yes,False,2
836,0,3,male,-0.9889242842702648,0,0,-0.8649580629279608,S,Third,man,True,Southampton,no,True,0
839,1,1,male,-0.009837837889073225,0,0,0.4777885554817616,C,First,man,True,Cherbourg,yes,True,0
840,0,3,male,-1.1267502840806507,0,0,-0.9619264593562706,S,Third,man,True,Southampton,no,True,0
841,0,2,male,-1.7571023967384214,0,0,-0.6553179761010235,S,Second,man,True,Southampton,no,True,0
842,1,1,female,0.018637005848696625,0,0,0.5244742456884821,C,First,woman,False,Cherbourg,yes,True,0
843,0,3,male,0.4134466928258567,0,0,-1.1884689713785583,C,Third,man,True,Cherbourg,no,True,0
845,0,3,male,0.9691282208343964,0,0,-1.0147525350486466,S,Third,man,True,Southampton,no,True,0
847,0,3,male,0.45409304356281976,0,0,-0.9659491590548142,C,Third,man,True,Cherbourg,no,True,0
848,0,2,male,-0.17625906909495204,0,1,0.5926067201661213,S,Second,man,True,Southampton,no,False,1
849,1,1,female,-0.009837837889073225,1,0,1.6750687517056937,C,First,woman,False,Cherbourg,yes,False,1
853,1,1,female,-1.7571023967384214,0,1,0.7857764988874152,S,First,woman,False,Southampton,yes,False,1
854,0,2,female,1.1005413401632875,1,0,0.33279481642245184,S,Second,woman,False,Southampton,no,False,1
855,1,3,female,-1.4243803219843891,0,1,-0.7817294910025825,S,Third,woman,False,Southampton,yes,False,1
856,1,1,female,1.1640242957780427,1,1,2.3456344979530854,S,First,woman,False,Southampton,yes,False,2
857,1,1,male,1.517594233709386,0,0,0.35560708817197745,S,First,man,True,Southampton,yes,True,0
858,1,3,female,-0.6117151068090739,0,3,0.005697162490467252,C,Third,woman,False,Cherbourg,yes,False,3
860,0,3,male,0.9010557067138735,2,0,-0.3334145566017541,S,Third,man,True,Southampton,no,False,2
861,0,2,male,-0.9889242842702648,1,0,-0.5561801487428454,S,Second,man,True,Southampton,no,False,1
862,1,1,female,1.346337398295587,0,0,0.32982325573987065,S,First,woman,False,Southampton,yes,True,0
864,0,2,male,-0.6117151068090739,0,0,-0.4225724730325312,S,Second,man,True,Southampton,no,True,0
865,1,2,female,0.9691282208343964,0,0,-0.4225724730325312,S,Second,woman,False,Southampton,yes,True,0
866,1,2,female,-0.27899303205504183,1,0,-0.3528983993213804,C,Second,woman,False,Cherbourg,yes,False,1
867,0,1,male,0.11126407917622454,0,0,1.056173640512747,S,First,man,True,Southampton,no,True,0
868,0,3,male,-0.009837837889073225,0,0,-0.7643853905401847,S,Third,man,True,Southampton,no,True,0
871,1,1,female,1.2868641986967546,1,1,1.0997150271610856,S,First,woman,False,Southampton,yes,False,2
872,0,1,male,0.2878761249879749,0,0,-1.4638550613718895,S,First,man,True,Southampton,no,True,0
873,0,3,male,1.2868641986967546,0,0,-0.8233059366012662,S,Third,man,True,Southampton,no,True,0
874,1,2,female,-0.17625906909495204,1,0,0.2455671037061512,C,Second,woman,False,Cherbourg,yes,False,1
875,1,3,female,-1.9394154992559647,0,0,-1.0627025381392528,C,Third,child,False,Cherbourg,yes,True,0
876,0,3,male,-1.1267502840806507,0,0,-0.7254228503358224,S,Third,man,True,Southampton,no,True,0
879,1,1,female,1.7817934360097103,0,1,1.5998091138413721,C,First,woman,False,Cherbourg,yes,False,1
880,1,2,female,-0.49639817142288,0,1,0.33279481642245184,S,Second,woman,False,Southampton,yes,False,1
881,0,3,male,0.2878761249879749,0,0,-0.9659491590548142,S,Third,man,True,Southampton,no,True,0
882,0,3,female,-0.8575111649413711,0,0,-0.6535861082663188,S,Third,woman,False,Southampton,no,True,0
883,0,2,male,-0.17625906909495204,0,0,-0.6553179761010235,S,Second,man,True,Southampton,no,True,0
885,0,3,female,0.7597826379718933,0,5,0.4564835107756582,Q,Third,woman,False,Queenstown,no,False,5
887,1,1,female,-1.2716473079558395,0,0,0.4887410561406243,S,First,woman,False,Southampton,yes,True,0
888,0,3,female,-0.009837837889073225,1,2,0.22030272443028215,S,Third,woman,False,Southampton,no,False,3
889,1,1,male,-0.38560465195745286,0,0,0.4887410561406243,C,First,man,True,Cherbourg,yes,True,0
890,0,3,male,0.20095010836623992,0,0,-0.9862603332214835,Q,Third,man,True,Queenstown,no,True,0
